Exchange,Address,Source,RetrievalDate
Huobi.com,19hx1B4pTDsBAYJJYYrj1t6bcVw1e9omuH,walletexplorer,2020-06-09
Bittrex.com,1J8jexLXezp737VqHMFkZFWtKt6P874QeA,walletexplorer,2020-06-09
Poloniex.com,12cgpFdJViXbwHbhrA3TuW1EGnL25Zqc3P,walletexplorer,2020-06-09
BTC-e.com,193JhFJVNzKjtnQgJgTG1h5hJdTtWtNfNT,walletexplorer,2020-06-09
Luno.com,17ac9tXHxu1nxdLgLu9WYk7vR8ggFN5GkH,walletexplorer,2020-06-09
LocalBitcoins.com,1FR7aGSJEtKvRkKXnApjv2n685KJa5dhkc,walletexplorer,2020-06-09
Bitstamp.net,37k5U5xQJkojFHkHVgrY7Dq7xtJJNSqVid,walletexplorer,2020-06-09
MercadoBitcoin.com.br,3JkSwgHew9QBsFNufrw4qmMW5mAnQJZXeA,walletexplorer,2020-06-09
Cryptsy.com,1KhBvgWA3LhTU7F3PgyuNkbhQWHnLN9ucy,walletexplorer,2020-06-09
Bitcoin.de,16uQFRsHZPZoWkCLGf13372j1SEGrt83mE,walletexplorer,2020-06-09
Cex.io,18b1GwzMpZYsSSrKVf4WYPuXULyoMf6Kwo,walletexplorer,2020-06-09
BtcTrade.com,1AqirJrxm8iWnmxN3q8Nt9LHCVRRpwi76t,walletexplorer,2020-06-09
YoBit.net,1P1AQ5Q3AjHJFExfsBtpBVNuaL1svaB7wG,walletexplorer,2020-06-09
OKCoin.com,1Mkpy74Gczz8TNTjg8xjjaEugn7FD5QhUf,walletexplorer,2020-06-09
BTCC.com,1KxPDLUDKstHbTKALuLH8MtzFaJsaBJhqi,walletexplorer,2020-06-09
BX.in.th,1GturjXqM4hzM7HHp75wPdG4ezr1HtNpPt,walletexplorer,2020-06-09
HitBtc.com,1Axkqh16GtQKsdsH7bvQXuSTX9Y7UUiuq1,walletexplorer,2020-06-09
Kraken.com,1AnwDVbwsLBVwRfqN2x9Eo4YEJSPXo2cwG,walletexplorer,2020-06-09
MaiCoin.com,1EoZEvNDzc55AK3YYstwoYq2QyLQFuYLCG,walletexplorer,2020-06-09
Bter.com,1GNSmRooZUWj3TvWduYGDGjmmAnarSsYXb,walletexplorer,2020-06-09
Hashnest.com,1MeuNyTrU7f2nZZyd8gKu59HDsurKBLEvW,walletexplorer,2020-06-09
AnxPro.com,16W79cCvnwivNyM7TFgRgRohq4v2uwVB3m,walletexplorer,2020-06-09
BitBay.net,3L676rAfFZ9JXRaEgFiwKuT6wgLkC23UWw,walletexplorer,2020-06-09
CoinSpot.com.au,1PJwuXp112u4Fw7YyKwKoWhwKnuedfxJ2x,walletexplorer,2020-06-09
Bleutrade.com,1MYuNpfdhJa1kvE9RAs6KLW9iUzjxs3E7y,walletexplorer,2020-06-09
Bitfinex.com,19VNw8EQWKTmN7u1X15hqyWHrymrCCVWdK,walletexplorer,2020-06-09
Matbea.com,13cbtbi2phErLXT6bWbgTqawYVidbXgaCS,walletexplorer,2020-06-09
Bit-x.com,371S3HgBCkiHSN8WQ5zmKHgH8XHP916y9f,walletexplorer,2020-06-09
VirWoX.com,33pkcqgMufGL5pJcQUUsiDKPnLu3Hn6FY6,walletexplorer,2020-06-09
Paxful.com,1Gdgd9VGa4SpqLSmD14HBuNZ4UKMsqArZY,walletexplorer,2020-06-09
BitBargain.co.uk,13MZDNwKWCvyAW3Lqpp3A6q4gNXkB64sUp,walletexplorer,2020-06-09
SpectroCoin.com,17z1pLZqm6J5aTtQaYBbxKeQfbBmiWBg6o,walletexplorer,2020-06-09
CoinHako.com,3G7E5YVjPrtLiZvgm4AREhynzrhpAyrWiK,walletexplorer,2020-06-09
Cavirtex.com,1AdVABFi77GTdPL6NBmT6LJSedwxXucB5N,walletexplorer,2020-06-09
C-Cex.com,1My4F8YWojYiF7qbRgTiHfAkkjT8gGC1ne,walletexplorer,2020-06-09
CoinMotion.com,1Msdj4ivRDzWgqyY3MAWVLx9Mp1qQw7mto,walletexplorer,2020-06-09
FoxBit.com.br,12RZE3EXnzjcydQkhHX3pLriLxSEH9xpM6,walletexplorer,2020-06-09
Vircurex.com ,1HemKhiiRRhk6YVvUdcyJAWbHEwpGkUaYM,walletexplorer,2020-06-09
BitVC.com ,1Bzcrtsy3FjrTmTbB8dsvBmGGCsadnXPFW,walletexplorer,2020-06-09
Exmo.com,1MynxXAan9JWpwCXD5ZtY5UongLyRrimx9,walletexplorer,2020-06-09
Btc38.com,1CELa15H4DMzHtHnuz7LCpSFgFWf61Ra6A,walletexplorer,2020-06-09
TheRockTrading.com,3DtF5EBxZpP6SUZ74Y6HyfsQbvt379EfR4,walletexplorer,2020-06-09
Igot.com,1GS2inLB6jaqUuu7hpgVKociwPGEMMctkg,walletexplorer,2020-06-09
SimpleCoin.cz,13N69SPqEJTLNDH3v4d4Ux7nZsABRyhpur,walletexplorer,2020-06-09
FYBSG.com,3Ja27efyWSU2DZXBViU6ybcHSWvJHMv6pE,walletexplorer,2020-06-09
BlockTrades.us,15ZZ98fghx6pRtTTULPkXbXwX2kZUD2Yp2,walletexplorer,2020-06-09
CampBX.com,1FaoUMnUHHy495jKNViLuPDoVPNK3uK3PG,walletexplorer,2020-06-09
CoinTrader.net,1HwMuq4Ch7HiMtQ7is4ea5d7wSJjxuJAZi,walletexplorer,2020-06-09
Bitcurex.com,1CEXQdnhAoxYYWZRy7e3EBD46rnLba79KC,walletexplorer,2020-06-09
Coinmate.io,1B79f7FHpvwxcpBGfaRnFeBkjtvfipj5vw,walletexplorer,2020-06-09
Korbit.co.kr,1GrCCd4mSvxLqKFzs8Pbny9qBqL65LFKJp,walletexplorer,2020-06-09
Vaultoro.com,12P7Rr6QGzaqDpPDgZBXLCLqpgJPfa9DpG,walletexplorer,2020-06-09
Exchanging.ir,1Ks5aLkREyVUba3QiS64ZL5PPdcgXDXhBp,walletexplorer,2020-06-09
796.com,14EBC92evNCak2PqubXJshG5KPjnyajC3H,walletexplorer,2020-06-09
HappyCoins.com,14zaovwEmvBHyR9vLH4ZWuyo4vUcT5cUcr,walletexplorer,2020-06-09
BtcMarkets.net,1H8maQ7Xi7Fv1PBXwXLznjYJGdEhcSpqGY,walletexplorer,2020-06-09
ChBtc.com ,1H2QU8im5Ed1fkDuAUXwLDZnLF21NmUfFg,walletexplorer,2020-06-09
Coins-e.com,1LLHYQsnQ7DGhFU4hPqgk8DfDwxvq3zxac,walletexplorer,2020-06-09
LiteBit.eu,17v65tNqxiHiWY8VK4t9YhGc2MmWvznAvL,walletexplorer,2020-06-09
CoinCafe.com,1EhWAtxucFKSeCsZT3Q9fcPntaELfhacnA,walletexplorer,2020-06-09
UrduBit.com-cold,17W4PZ2PS3KksDy5T6yE7FaJsgjmnYMXuP,walletexplorer,2020-06-09
BTradeAustralia.com,12HzwqW7tH1Mf9SpiyyQwj8bJfXb2jVkDY,walletexplorer,2020-06-09
MeXBT.com,1EApiQihSg3DPVG8kmVCeq5kehLjXPm2Z1,walletexplorer,2020-06-09
Coinomat.com,15RdcuYp9shV3xxhJP9BRotHKwzu9SrVoM,walletexplorer,2020-06-09
OrderBook.net,12QUWiLsimRbPfk4G1wkXpCPPmHPiTVCCs,walletexplorer,2020-06-09
LakeBTC.com,1AKWSwubpTRyRC9dGzfTWVq2jrPbkmPdsK,walletexplorer,2020-06-09
BitKonan.com,1CT1GgU6vcvZQbGMvQYZzNA2t13w89ytA5,walletexplorer,2020-06-09
QuadrigaCX.com,1GeZkor1GFPyFNVGmkMcc6bY1PUb5nBUca,walletexplorer,2020-06-09
Banx.io,1FMvaN8SdDSsaDABVqETxeqf8BDD5gLrTu,walletexplorer,2020-06-09
CleverCoin.com,1Ge6vrZiYyPX6CpDv2hKhkk6PLCHLuZYbB,walletexplorer,2020-06-09
Gatecoin.com,1JqZh9eB7MbGks1x7PMj1Ksk9KBKvoGMZ2,walletexplorer,2020-06-09
Indacoin.com,1LBuYdxJsDBxkgdjH7kyuD8dkWu1EMZEgP,walletexplorer,2020-06-09
CoinArch.com,1HtjM4Gy1X3MgCNjkdk3tgTLzeZXwFAtcp,walletexplorer,2020-06-09
BitcoinVietnam.com.vn,15fQXokp2fr3ygHu2nzh3R4N7qtTnrmk66,walletexplorer,2020-06-09
CoinChimp.com,15AMqCNeruGvm4WccbhkwUvYQPJB8b8Xef,walletexplorer,2020-06-09
Cryptonit.net ,1D1ZqQedv56GoasmmE5yaomNMJq6bsNjkz,walletexplorer,2020-06-09
Exchange-Credit.ru,1Q7PTybd4ybhKAi8a9pph6NjVCEMVfUhBt,walletexplorer,2020-06-09
Bitso.com,1DDwrxz5MC98Pfrjp4PcQiErx7wz6FJnRJ,walletexplorer,2020-06-09
Coinimal.com,1MLgaxVMmhscDAN3Mjg1wPYNvSAG4mMDbf,walletexplorer,2020-06-09
EmpoEX.com,123DvCXxfH24dM57qjGLixN3ENjnuEZwGe,walletexplorer,2020-06-09
Ccedk.com,1MudcrRWzrjUgn1ugzh2ve4gpCpS8vWyHL,walletexplorer,2020-06-09
UseCryptos.com,1BBujAGoFAUyJvrqggkCFReJ3ucGXiM8T4,walletexplorer,2020-06-09
Coinbroker.io,12CA6o2ykb91Dcjq18ukgjDMWit4L3wntC,walletexplorer,2020-06-09
Zyado.com,1Mb4JKCVaGkdF5NuxufwhFy2f8u1WUoVKc,walletexplorer,2020-06-09
1Coin.com,1GqWeVySuv96nFybv27W7ULQ1rzDHeAi7a,walletexplorer,2020-06-09
Coingi.com,1HG7DQR6WoA7hHEcgyAyWsJP1cDX2PMvrL,walletexplorer,2020-06-09
ExchangeMyCoins.com,1M5NczBKPQSyFP2DzouXGAHeqoAYDQv2WC,walletexplorer,2020-06-09
BTC-e.com-output,1FsVcdeHbpvUVT3gjeuVR2ZSDnpcsJMsLL,walletexplorer,2020-06-09
BTC-e.com-old,15aogrctRuax3JKs7Z914iBUKtgK7F4EVA,walletexplorer,2020-06-09
LocalBitcoins.com-old,12YHEmcv71sxcmHartAcPABoZzFDW7Gmig,walletexplorer,2020-06-09
Bitstamp.net-old,1Mf478S7eWk7SmjJ7XmUX1c65mWFCqCkFK,walletexplorer,2020-06-09
Cryptsy.com-old,1JxFoFvDhGSMgzo7m68RU94x2FiQbsHycr,walletexplorer,2020-06-09
Bitcoin.de-old,1MSePgHRk7uQaV4T8Xb51YezoFH4VvJwCb,walletexplorer,2020-06-09
OKCoin.com-2,158jnxhipkMRn5AkqERxG5etL6a7BQX2bN,walletexplorer,2020-06-09
BTCC.com-old ,1KdTXCdP5t8xJ31zaSFktCjyxWWerU28eX,walletexplorer,2020-06-09
BTCC.com-old2,1L6XizF33gXCosNkbX2g836VdsQTqtQoHV,walletexplorer,2020-06-09
HitBtc.com-old,16jTAi7cB5uhi3En3Howq7XUdUM1mB2GH8,walletexplorer,2020-06-09
Bter.com-old,17cFV8dT7GJLdxp1meCWjFBTfHcBQZ1GQZ,walletexplorer,2020-06-09
Bter.com-old2,1AYGUWseLEbc3gvtuk6agYTbQJnSo3YP6z,walletexplorer,2020-06-09
Bter.com-old3,1KrnUjLNN6wmK9fB7En9kojuvJHB6sCVTJ,walletexplorer,2020-06-09
Bter.com-cold,1NFeBp9s5aQ1iZ26uWyiK2AYUXHxs7bFmB,walletexplorer,2020-06-09
Bitfinex.com-old,1M3xjgBs6ELSKRxJ2tj4M41LoRgXrhSCjN,walletexplorer,2020-06-09
Bitfinex.com-old2,1FyiWKat8JTEw8N3AknsHyBEuj3CWSmvBe,walletexplorer,2020-06-09
C-Cex.com-old,14ucsjZBmGKAZhJtG46AwhcjdDL9F2tc89,walletexplorer,2020-06-09
FoxBit.com.br-2,19WpAEPtfxbzhndCSrwzXnUyMeSB6pdmWV,walletexplorer,2020-06-09
FoxBit.com.br-cold,3KAuEYkuJQw1Ad2GzWjfC7V5XoL2fCqjGN,walletexplorer,2020-06-09
FoxBit.com.br-cold-old ,3EKBC9BWM6LaZTt2YZm2QWPo7euvfE69tP,walletexplorer,2020-06-09
TheRockTrading.com-old,16MCtYAHyUMPvLKWihBYG5TdQwRNfKoLLn,walletexplorer,2020-06-09
SimpleCoin.cz-old,1927zCBQXa6nG4ZaTDNtaek4ubHpEbJGxP,walletexplorer,2020-06-09
SimpleCoin.cz-old2,12xnb8qNjRGeL2J3rJoeFrqNBJwQFaMrkt,walletexplorer,2020-06-09
SimpleCoin.cz-old3,1Bgytxtbvmj7B2DTEHYQmmNiwgdbvxjyQV,walletexplorer,2020-06-09
SimpleCoin.cz-old4,14hQAwFGRCNEmtsEYizbiSyMrhyr5VsNiw,walletexplorer,2020-06-09
SimpleCoin.cz-old5,1732nSxjfAj1Z9pBiaAgtk4ekA7Bm3Z9na,walletexplorer,2020-06-09
CampBX.com-old,1H63WEQbK45K3xgC7DRfphMWMJMZHrX542,walletexplorer,2020-06-09
BTradeAustralia.com-incoming,1XYq2tLwNxM15sqEtbgpSph75HRgZkTFr,walletexplorer,2020-06-09
Banx.io-old,1KfHkg7FBidcMk6W4HDd9m3wxHaKUkzdLN,walletexplorer,2020-06-09
Banx.io-old2,18Wi7EMwnPmZeWHHHAhdJdTLEv23qhbcos,walletexplorer,2020-06-09
Cryptonit.net-old,164Bqayn7fuGssWTqfRQ5NcuepJpGWV24V,walletexplorer,2020-06-09
Zyado.com-old,1Q85285KFsnWDkLxLc3dXwGHtFL3BhotWg,walletexplorer,2020-06-09